DATE,CPIENGSL,CUSR0000SAD,CUSR0000SAN,CUSR0000SAS367,CUSR0000SAS2RS,CUSR0000SAS,CUSR0000SA311,CUSR0000SAC
1947-01-01,.,.,.,.,.,.,46.100,.
1947-02-01,.,.,.,.,.,.,46.500,.
1947-03-01,.,.,.,.,.,.,47.100,.
1947-04-01,.,.,.,.,.,.,47.500,.
1947-05-01,.,.,.,.,.,.,47.600,.
1947-06-01,.,.,.,.,.,.,47.700,.
1947-07-01,.,.,.,.,.,.,47.800,.
1947-08-01,.,.,.,.,.,.,47.900,.
1947-09-01,.,.,.,.,.,.,48.000,.
1947-10-01,.,.,.,.,.,.,48.200,.
1947-11-01,.,.,.,.,.,.,48.500,.
1947-12-01,.,.,.,.,.,.,48.800,.
1948-01-01,.,.,.,.,.,.,49.100,.
1948-02-01,.,.,.,.,.,.,49.600,.
1948-03-01,.,.,.,.,.,.,49.800,.
1948-04-01,.,.,.,.,.,.,50.100,.
1948-05-01,.,.,.,.,.,.,50.500,.
1948-06-01,.,.,.,.,.,.,50.500,.
1948-07-01,.,.,.,.,.,.,50.700,.
1948-08-01,.,.,.,.,.,.,51.300,.
1948-09-01,.,.,.,.,.,.,51.200,.
1948-10-01,.,.,.,.,.,.,51.200,.
1948-11-01,.,.,.,.,.,.,51.100,.
1948-12-01,.,.,.,.,.,.,51.000,.
1949-01-01,.,.,.,.,.,.,50.100,.
1949-02-01,.,.,.,.,.,.,49.500,.
1949-03-01,.,.,.,.,.,.,49.200,.
1949-04-01,.,.,.,.,.,.,48.900,.
1949-05-01,.,.,.,.,.,.,48.600,.
1949-06-01,.,.,.,.,.,.,48.400,.
1949-07-01,.,.,.,.,.,.,48.100,.
1949-08-01,.,.,.,.,.,.,47.600,.
1949-09-01,.,.,.,.,.,.,47.200,.
1949-10-01,.,.,.,.,.,.,46.900,.
1949-11-01,.,.,.,.,.,.,46.700,.
1949-12-01,.,.,.,.,.,.,46.700,.
1950-01-01,.,.,.,.,.,.,46.700,.
1950-02-01,.,.,.,.,.,.,46.500,.
1950-03-01,.,.,.,.,.,.,46.500,.
1950-04-01,.,.,.,.,.,.,46.600,.
1950-05-01,.,.,.,.,.,.,46.600,.
1950-06-01,.,.,.,.,.,.,46.600,.
1950-07-01,.,.,.,.,.,.,46.800,.
1950-08-01,.,.,.,.,.,.,47.000,.
1950-09-01,.,.,.,.,.,.,47.600,.
1950-10-01,.,.,.,.,.,.,48.100,.
1950-11-01,.,.,.,.,.,.,48.500,.
1950-12-01,.,.,.,.,.,.,48.700,.
1951-01-01,.,.,.,.,.,.,49.600,.
1951-02-01,.,.,.,.,.,.,50.300,.
1951-03-01,.,.,.,.,.,.,50.600,.
1951-04-01,.,.,.,.,.,.,50.800,.
1951-05-01,.,.,.,.,.,.,51.100,.
1951-06-01,.,.,.,.,.,.,51.100,.
1951-07-01,.,.,.,.,.,.,51.000,.
1951-08-01,.,.,.,.,.,.,51.000,.
1951-09-01,.,.,.,.,.,.,52.000,.
1951-10-01,.,.,.,.,.,.,51.700,.
1951-11-01,.,.,.,.,.,.,51.500,.
1951-12-01,.,.,.,.,.,.,51.400,.
1952-01-01,.,.,.,.,.,.,51.100,.
1952-02-01,.,.,.,.,.,.,51.000,.
1952-03-01,.,.,.,.,.,.,50.800,.
1952-04-01,.,.,.,.,.,.,50.700,.
1952-05-01,.,.,.,.,.,.,50.600,.
1952-06-01,.,.,.,.,.,.,50.700,.
1952-07-01,.,.,.,.,.,.,50.600,.
1952-08-01,.,.,.,.,.,.,50.600,.
1952-09-01,.,.,.,.,.,.,50.500,.
1952-10-01,.,.,.,.,.,.,50.200,.
1952-11-01,.,.,.,.,.,.,50.100,.
1952-12-01,.,.,.,.,.,.,50.000,.
1953-01-01,.,.,.,.,.,.,50.100,.
1953-02-01,.,.,.,.,.,.,50.000,.
1953-03-01,.,.,.,.,.,.,50.100,.
1953-04-01,.,.,.,.,.,.,50.100,.
1953-05-01,.,.,.,.,.,.,50.100,.
1953-06-01,.,.,.,.,.,.,50.200,.
1953-07-01,.,.,.,.,.,.,50.100,.
1953-08-01,.,.,.,.,.,.,50.100,.
1953-09-01,.,.,.,.,.,.,50.100,.
1953-10-01,.,.,.,.,.,.,50.100,.
1953-11-01,.,.,.,.,.,.,50.100,.
1953-12-01,.,.,.,.,.,.,50.000,.
1954-01-01,.,.,.,.,.,.,50.100,.
1954-02-01,.,.,.,.,.,.,50.000,.
1954-03-01,.,.,.,.,.,.,49.800,.
1954-04-01,.,.,.,.,.,.,49.800,.
1954-05-01,.,.,.,.,.,.,49.800,.
1954-06-01,.,.,.,.,.,.,49.800,.
1954-07-01,.,.,.,.,.,.,49.700,.
1954-08-01,.,.,.,.,.,.,49.600,.
1954-09-01,.,.,.,.,.,.,49.400,.
1954-10-01,.,.,.,.,.,.,49.400,.
1954-11-01,.,.,.,.,.,.,49.500,.
1954-12-01,.,.,.,.,.,.,49.400,.
1955-01-01,.,.,.,.,.,.,49.200,.
1955-02-01,.,.,.,.,.,.,49.300,.
1955-03-01,.,.,.,.,.,.,49.200,.
1955-04-01,.,.,.,.,.,.,49.200,.
1955-05-01,.,.,.,.,.,.,49.300,.
1955-06-01,.,.,.,.,.,.,49.200,.
1955-07-01,.,.,.,.,.,.,49.200,.
1955-08-01,.,.,.,.,.,.,49.300,.
1955-09-01,.,.,.,.,.,.,49.500,.
1955-10-01,.,.,.,.,.,.,49.300,.
1955-11-01,.,.,.,.,.,.,49.200,.
1955-12-01,.,.,.,.,.,.,49.300,.
1956-01-01,.,35.700,29.500,.,.,20.700,49.400,31.200
1956-02-01,.,35.800,29.400,.,.,20.700,49.600,31.100
1956-03-01,.,35.800,29.500,.,.,20.700,49.600,31.200
1956-04-01,.,35.700,29.600,.,.,20.800,49.600,31.300
1956-05-01,.,35.800,29.800,.,.,20.800,49.600,31.400
1956-06-01,.,35.900,30.000,.,.,20.900,49.600,31.500
1956-07-01,.,36.100,30.100,.,.,20.900,49.800,31.800
1956-08-01,.,36.200,30.100,.,.,21.000,49.800,31.700
1956-09-01,.,36.300,30.100,.,.,21.100,49.900,31.800
1956-10-01,.,36.600,30.200,.,.,21.100,50.000,32.000
1956-11-01,.,36.600,30.300,.,.,21.200,50.100,32.000
1956-12-01,.,36.700,30.400,.,.,21.300,50.200,32.100
1957-01-01,21.3,36.900,30.400,.,.,21.400,50.100,32.100
1957-02-01,21.4,37.000,30.600,.,.,21.400,50.000,32.300
1957-03-01,21.5,37.200,30.600,.,.,21.600,50.300,32.300
1957-04-01,21.6,37.300,30.600,.,.,21.600,50.200,32.400
1957-05-01,21.6,37.200,30.700,.,.,21.700,50.200,32.400
1957-06-01,21.6,37.300,30.800,.,.,21.800,50.200,32.500
1957-07-01,21.5,37.200,31.000,.,.,21.800,50.200,32.600
1957-08-01,21.4,37.300,31.200,.,.,21.900,50.200,32.800
1957-09-01,21.4,37.400,31.100,.,.,22.000,50.200,32.800
1957-10-01,21.4,37.100,31.100,.,.,22.100,50.300,32.700
1957-11-01,21.5,37.600,31.100,.,.,22.200,50.300,32.800
1957-12-01,21.5,37.600,31.200,.,.,22.200,50.200,32.900
1958-01-01,21.6,37.700,31.500,.,.,22.300,50.200,33.100
1958-02-01,21.3,37.700,31.500,.,.,22.400,50.200,33.200
1958-03-01,21.4,37.700,31.800,.,.,22.400,50.200,33.400
1958-04-01,21.4,37.700,31.900,.,.,22.500,50.100,33.500
1958-05-01,21.5,37.800,31.900,.,.,22.600,50.200,33.500
1958-06-01,21.5,37.700,31.700,.,.,22.600,50.200,33.400
1958-07-01,21.6,37.800,31.700,.,.,22.700,50.200,33.300
1958-08-01,21.7,37.800,31.700,.,.,22.700,50.100,33.300
1958-09-01,21.7,37.900,31.600,.,.,22.800,49.900,33.300
1958-10-01,21.7,37.800,31.600,.,.,22.800,49.800,33.200
1958-11-01,21.4,38.100,31.600,.,.,22.800,50.100,33.300
1958-12-01,21.4,38.200,31.500,.,.,22.800,50.100,33.300
1959-01-01,21.4,38.100,31.600,.,.,22.900,50.100,33.300
1959-02-01,21.6,38.100,31.500,.,.,23.000,50.100,33.300
1959-03-01,21.7,38.300,31.400,.,.,23.000,50.000,33.200
1959-04-01,21.8,38.300,31.400,.,.,23.100,50.100,33.200
1959-05-01,21.8,38.400,31.400,.,.,23.200,50.200,33.300
1959-06-01,21.9,38.400,31.500,.,.,23.200,50.200,33.300
1959-07-01,21.8,38.500,31.600,.,.,23.300,50.200,33.300
1959-08-01,21.9,38.400,31.600,.,.,23.400,50.300,33.300
1959-09-01,21.9,38.500,31.600,.,.,23.500,50.300,33.500
1959-10-01,22.2,38.500,31.700,.,.,23.600,50.400,33.500
1959-11-01,22.2,38.500,31.700,.,.,23.600,50.300,33.500
1959-12-01,22.3,38.500,31.700,.,.,23.700,50.300,33.500
1960-01-01,22.3,38.500,31.600,.,.,23.700,50.100,33.500
1960-02-01,22.2,38.500,31.600,.,.,23.800,50.500,33.400
1960-03-01,22.3,38.400,31.700,.,.,23.900,50.500,33.500
1960-04-01,22.4,38.300,31.900,.,.,23.900,50.600,33.600
1960-05-01,22.3,38.200,32.000,.,.,24.000,50.700,33.600
1960-06-01,22.4,38.100,32.000,.,.,24.000,50.600,33.600
1960-07-01,22.5,38.100,31.900,.,.,24.100,50.700,33.500
1960-08-01,22.5,38.100,32.000,.,.,24.100,50.800,33.600
1960-09-01,22.6,37.900,32.000,.,.,24.200,51.000,33.600
1960-10-01,22.5,37.900,32.200,.,.,24.200,51.000,33.700
1960-11-01,22.7,37.800,32.300,.,.,24.300,51.000,33.800
1960-12-01,22.6,37.900,32.400,.,.,24.300,51.000,33.900
1961-01-01,22.7,37.800,32.300,.,.,24.400,51.000,33.800
1961-02-01,22.6,37.900,32.400,.,.,24.400,51.000,33.800
1961-03-01,22.6,37.900,32.300,.,.,24.400,51.000,33.800
1961-04-01,22.2,37.900,32.200,.,.,24.500,50.900,33.800
1961-05-01,22.4,38.000,32.200,.,.,24.500,50.900,33.800
1961-06-01,22.5,38.100,32.200,.,.,24.500,51.000,33.800
1961-07-01,22.5,38.200,32.200,.,.,24.500,51.100,33.900
1961-08-01,22.5,38.300,32.200,.,.,24.600,51.100,33.900
1961-09-01,22.6,38.300,32.200,.,.,24.600,51.200,33.900
1961-10-01,22.4,38.300,32.200,.,.,24.700,51.200,33.900
1961-11-01,22.5,38.300,32.200,.,.,24.700,51.100,33.800
1961-12-01,22.4,38.300,32.200,.,.,24.800,51.000,33.900
1962-01-01,22.4,38.300,32.200,.,.,24.800,50.600,33.900
1962-02-01,22.6,38.300,32.400,.,.,24.800,50.700,34.000
1962-03-01,22.4,38.400,32.400,.,.,24.900,51.000,34.000
1962-04-01,22.7,38.500,32.500,.,.,24.900,51.000,34.100
1962-05-01,22.7,38.600,32.400,.,.,25.000,50.900,34.100
1962-06-01,22.5,38.600,32.400,.,.,25.000,51.100,34.100
1962-07-01,22.3,38.600,32.300,.,.,25.100,51.200,34.000
1962-08-01,22.4,38.700,32.400,.,.,25.100,50.900,34.100
1962-09-01,22.8,38.700,32.700,.,.,25.100,51.700,34.300
1962-10-01,22.7,38.600,32.700,.,.,25.100,51.600,34.200
1962-11-01,22.7,38.600,32.700,.,.,25.200,51.200,34.300
1962-12-01,22.8,38.500,32.600,.,.,25.200,51.100,34.200
1963-01-01,22.8,38.300,32.800,.,.,25.300,51.300,34.300
1963-02-01,22.7,38.300,32.800,.,.,25.300,51.400,34.300
1963-03-01,22.7,38.500,32.800,.,.,25.300,51.400,34.300
1963-04-01,22.6,38.500,32.700,.,.,25.400,51.500,34.300
1963-05-01,22.6,38.500,32.700,.,.,25.400,51.400,34.300
1963-06-01,22.5,38.600,32.900,.,.,25.500,51.500,34.400
1963-07-01,22.7,38.700,33.000,.,.,25.500,51.600,34.500
1963-08-01,22.6,38.700,33.000,.,.,25.600,51.700,34.600
1963-09-01,22.5,38.700,33.000,.,.,25.600,51.600,34.500
1963-10-01,22.7,38.800,32.900,.,.,25.600,51.800,34.500
1963-11-01,22.6,38.800,33.100,.,.,25.700,51.900,34.600
1963-12-01,22.6,38.900,33.100,.,.,25.800,51.900,34.700
1964-01-01,22.8,38.900,33.200,.,.,25.800,52.000,34.700
1964-02-01,22.2,39.000,33.100,.,.,25.800,52.000,34.700
1964-03-01,22.6,39.000,33.100,.,.,25.800,52.000,34.700
1964-04-01,22.5,39.000,33.100,.,.,25.900,52.100,34.700
1964-05-01,22.5,38.900,33.200,.,.,25.900,52.100,34.700
1964-06-01,22.6,38.900,33.200,.,.,26.000,52.100,34.700
1964-07-01,22.5,38.900,33.200,.,.,26.000,52.100,34.700
1964-08-01,22.6,38.900,33.200,.,.,26.000,52.100,34.700
1964-09-01,22.5,39.000,33.300,.,.,26.000,51.900,34.800
1964-10-01,22.5,38.900,33.300,.,.,26.100,51.900,34.800
1964-11-01,22.5,39.000,33.400,.,.,26.200,52.000,34.900
1964-12-01,22.6,39.000,33.400,.,.,26.200,52.100,35.000
1965-01-01,22.8,39.200,33.400,.,.,26.300,52.200,35.000
1965-02-01,22.7,39.100,33.400,.,.,26.400,52.300,34.900
1965-03-01,22.6,39.100,33.400,.,.,26.400,52.200,35.000
1965-04-01,22.9,39.000,33.600,.,.,26.500,52.200,35.000
1965-05-01,23,38.900,33.800,.,.,26.500,52.500,35.100
1965-06-01,23.1,38.800,34.100,.,.,26.500,52.600,35.300
1965-07-01,23,38.700,34.000,.,.,26.600,52.300,35.300
1965-08-01,23,38.500,34.000,.,.,26.600,52.500,35.200
1965-09-01,23.1,38.500,34.000,.,.,26.700,52.400,35.200
1965-10-01,23,38.500,34.000,.,.,26.800,52.500,35.300
1965-11-01,23.1,38.600,34.100,.,.,26.900,52.600,35.400
1965-12-01,23.1,38.700,34.300,.,.,26.900,52.600,35.500
1966-01-01,23.1,38.600,34.400,.,.,27.000,52.700,35.600
1966-02-01,23.2,38.600,34.700,.,.,27.000,52.800,35.800
1966-03-01,23.2,38.700,34.900,.,.,27.100,53.000,35.900
1966-04-01,23.2,38.700,35.000,.,.,27.300,53.100,36.000
1966-05-01,23.2,38.800,35.000,.,.,27.400,53.100,36.000
1966-06-01,23.3,38.800,35.000,.,.,27.500,53.200,36.000
1966-07-01,23.4,38.900,35.000,.,.,27.700,53.400,36.100
1966-08-01,23.3,39.000,35.200,.,.,27.700,53.400,36.200
1966-09-01,23.4,39.000,35.300,.,.,27.900,53.700,36.400
1966-10-01,23.4,39.000,35.400,.,.,28.000,53.800,36.400
1966-11-01,23.5,39.000,35.400,.,.,28.200,54.000,36.400
1966-12-01,23.5,38.900,35.400,.,.,28.200,54.200,36.400
1967-01-01,23.6,38.900,35.400,35.300,.,28.300,54.400,36.400
1967-02-01,23.7,39.000,35.400,35.400,.,28.400,54.700,36.400
1967-03-01,23.6,39.000,35.500,35.500,.,28.500,54.800,36.400
1967-04-01,23.9,39.100,35.500,35.600,.,28.600,54.900,36.400
1967-05-01,23.9,39.200,35.500,35.800,.,28.600,55.100,36.500
1967-06-01,23.8,39.300,35.600,35.900,.,28.800,55.300,36.600
1967-07-01,23.8,39.400,35.800,36.000,.,28.800,55.600,36.800
1967-08-01,23.9,39.600,35.900,36.100,.,28.900,55.800,37.000
1967-09-01,24,39.800,36.000,36.300,.,29.000,55.900,37.000
1967-10-01,23.9,39.900,36.100,36.400,.,29.200,56.000,37.100
1967-11-01,24,40.000,36.200,36.700,.,29.200,56.200,37.200
1967-12-01,23.9,40.200,36.200,36.800,.,29.400,56.500,37.400
1968-01-01,24,40.200,36.400,36.900,.,29.500,56.800,37.500
1968-02-01,24.1,40.300,36.500,37.100,.,29.600,57.100,37.600
1968-03-01,24.1,40.400,36.700,37.500,.,29.800,57.400,37.700
1968-04-01,24,40.400,36.800,37.700,.,29.900,57.800,37.800
1968-05-01,24.1,40.400,36.900,37.900,.,30.000,58.100,37.800
1968-06-01,24.2,40.500,37.000,38.100,.,30.200,58.400,38.000
1968-07-01,24.2,40.700,37.100,38.100,.,30.400,58.800,38.100
1968-08-01,24.3,40.800,37.300,38.300,.,30.600,59.200,38.300
1968-09-01,24.3,40.900,37.500,38.500,.,30.700,59.600,38.400
1968-10-01,24.3,40.900,37.700,38.700,.,30.900,59.800,38.600
1968-11-01,24.4,41.300,37.800,38.900,.,31.000,59.900,38.700
1968-12-01,24.3,41.100,37.900,39.000,.,31.200,60.300,38.800
1969-01-01,24.4,41.100,38.000,39.100,.,31.400,60.700,38.900
1969-02-01,24.4,41.600,38.000,39.100,.,31.500,60.900,39.000
1969-03-01,24.7,42.100,38.200,39.300,.,31.800,61.200,39.300
1969-04-01,24.9,42.200,38.400,39.500,.,32.000,61.400,39.400
1969-05-01,24.8,42.000,38.500,39.700,.,32.200,61.700,39.500
1969-06-01,25,42.100,38.900,39.800,.,32.300,62.000,39.800
1969-07-01,24.9,42.200,39.000,40.000,.,32.500,62.500,39.900
1969-08-01,24.9,42.300,39.200,40.300,.,32.700,62.300,40.100
1969-09-01,25,42.300,39.400,40.400,.,33.000,62.700,40.200
1969-10-01,25,42.700,39.500,40.500,.,33.100,62.800,40.400
1969-11-01,25,42.800,39.800,40.700,.,33.300,63.200,40.600
1969-12-01,25.1,42.900,40.000,40.900,.,33.500,63.400,40.800
1970-01-01,25.1,43.000,40.200,41.100,.,33.800,63.500,41.000
1970-02-01,25.1,43.200,40.300,41.200,.,34.000,63.800,41.200
1970-03-01,25,43.300,40.400,41.300,.,34.400,63.800,41.200
1970-04-01,25.5,43.500,40.500,41.600,.,34.600,63.900,41.400
1970-05-01,25.4,43.800,40.700,41.900,.,34.800,64.000,41.500
1970-06-01,25.3,44.000,40.700,42.200,.,35.000,64.300,41.600
1970-07-01,25.5,44.100,40.800,42.400,.,35.200,64.400,41.700
1970-08-01,25.4,44.300,40.900,42.600,.,35.400,64.500,41.800
1970-09-01,25.6,44.500,41.000,42.700,.,35.600,64.900,42.000
1970-10-01,25.9,44.800,41.200,43.000,.,35.800,65.200,42.200
1970-11-01,26,45.100,41.300,43.100,.,36.000,65.500,42.300
1970-12-01,26.2,45.400,41.300,43.300,.,36.200,65.700,42.500
1971-01-01,26.3,45.500,41.400,43.700,.,36.400,65.800,42.500
1971-02-01,26.2,45.600,41.400,43.800,.,36.500,65.900,42.600
1971-03-01,26.2,45.700,41.600,43.900,.,36.500,65.900,42.700
1971-04-01,26.1,45.800,41.800,44.000,.,36.600,66.100,42.900
1971-05-01,26.2,46.000,41.900,44.200,.,36.700,66.500,43.100
1971-06-01,26.3,46.100,42.100,44.400,.,37.000,66.600,43.200
1971-07-01,26.3,46.200,42.200,44.500,.,37.100,66.800,43.300
1971-08-01,26.8,46.100,42.400,44.500,.,37.300,66.500,43.400
1971-09-01,26.9,46.000,42.400,44.800,.,37.400,66.700,43.400
1971-10-01,27,46.000,42.500,44.900,.,37.500,66.800,43.500
1971-11-01,26.9,46.100,42.600,44.900,.,37.600,66.800,43.500
1971-12-01,27,46.200,42.800,44.900,.,37.700,67.000,43.800
1972-01-01,27,46.400,42.800,45.000,.,37.900,67.200,43.800
1972-02-01,26.8,46.500,43.000,45.100,.,38.000,67.400,44.000
1972-03-01,26.9,46.500,43.100,45.200,.,38.100,67.400,44.000
1972-04-01,26.9,46.600,43.100,45.300,.,38.200,67.600,44.100
1972-05-01,27,46.700,43.200,45.400,.,38.300,67.800,44.200
1972-06-01,27,46.800,43.300,45.600,.,38.400,67.600,44.300
1972-07-01,27.1,47.000,43.400,45.700,.,38.500,67.600,44.500
1972-08-01,27.3,47.100,43.500,45.700,.,38.600,67.300,44.500
1972-09-01,27.6,47.200,43.800,45.900,.,38.700,67.900,44.800
1972-10-01,27.7,47.200,44.000,46.000,.,38.800,68.300,44.900
1972-11-01,27.9,47.300,44.200,46.200,.,38.900,68.400,45.100
1972-12-01,27.8,47.500,44.300,46.300,.,39.000,68.600,45.200
1973-01-01,27.9,47.500,44.800,46.400,.,39.100,68.700,45.500
1973-02-01,28.2,47.600,45.200,46.600,.,39.200,68.900,45.900
1973-03-01,28.3,47.700,45.800,46.800,.,39.400,69.300,46.400
1973-04-01,28.6,47.900,46.400,47.100,.,39.500,69.800,46.800
1973-05-01,28.8,48.000,46.700,47.300,.,39.600,70.000,47.200
1973-06-01,29.2,48.000,47.200,47.600,.,39.800,70.300,47.500
1973-07-01,29.2,48.100,47.300,47.800,.,39.900,70.200,47.500
1973-08-01,29.4,48.200,48.800,48.000,.,40.200,70.400,48.700
1973-09-01,29.4,48.200,48.700,48.200,.,40.500,70.700,48.700
1973-10-01,30.3,48.400,49.100,48.500,.,41.000,71.000,49.000
1973-11-01,31.5,48.500,49.700,48.800,.,41.300,71.100,49.500
1973-12-01,32.5,48.600,50.200,49.000,.,41.500,71.400,49.900
1974-01-01,34.1,48.900,51.000,49.200,.,41.800,71.700,50.500
1974-02-01,35.4,49.100,51.900,49.500,.,42.000,72.600,51.300
1974-03-01,36.9,49.300,52.600,49.800,.,42.400,73.300,51.900
1974-04-01,37.6,49.700,52.900,50.100,.,42.600,74.000,52.100
1974-05-01,38.3,50.300,53.300,50.800,.,43.100,74.500,52.700
1974-06-01,38.6,51.000,53.700,51.200,.,43.500,75.000,53.100
1974-07-01,38.9,51.600,53.800,51.600,.,44.000,75.400,53.300
1974-08-01,39.2,52.300,54.600,51.900,.,44.500,76.900,54.100
1974-09-01,39.3,53.000,55.300,52.300,.,45.000,76.900,54.800
1974-10-01,39.2,53.800,55.700,52.600,.,45.400,77.200,55.300
1974-11-01,39.4,54.300,56.200,53.100,.,45.800,77.600,55.800
1974-12-01,39.6,54.800,56.700,53.500,.,46.200,77.600,56.300
1975-01-01,40,55.300,57.000,53.800,.,46.500,77.600,56.700
1975-02-01,40.3,55.800,57.200,54.200,.,46.900,77.600,56.900
1975-03-01,40.6,56.400,57.200,54.300,.,47.000,77.700,57.100
1975-04-01,41,56.800,57.300,54.500,.,47.300,77.600,57.200
1975-05-01,41.3,57.000,57.300,54.700,.,47.500,77.700,57.500
1975-06-01,41.7,57.200,57.700,54.900,.,47.800,77.600,57.900
1975-07-01,42.5,57.600,58.700,55.100,.,48.000,78.100,58.600
1975-08-01,42.8,57.900,58.800,55.300,.,48.300,78.100,58.700
1975-09-01,43.2,58.300,59.100,55.600,.,48.700,78.100,59.000
1975-10-01,43.5,58.500,59.500,55.800,.,49.000,78.300,59.400
1975-11-01,43.9,58.800,59.800,56.100,.,49.600,78.500,59.700
1975-12-01,44.1,59.000,60.200,56.300,.,49.900,78.700,59.900
1976-01-01,44.5,59.100,60.200,56.600,.,50.500,79.100,60.000
1976-02-01,44.4,59.400,59.800,57.000,.,50.800,79.300,59.900
1976-03-01,44.1,59.700,59.600,57.300,.,51.100,79.300,59.800
1976-04-01,43.9,60.000,59.600,57.600,.,51.300,79.500,59.900
1976-05-01,44.1,60.400,59.800,57.900,.,51.400,79.800,60.200
1976-06-01,44.4,60.700,60.000,58.200,.,51.700,80.100,60.400
1976-07-01,44.8,61.100,60.400,58.600,.,52.100,80.500,60.700
1976-08-01,45.2,61.500,60.700,58.900,.,52.400,80.900,61.000
1976-09-01,45.7,61.800,61.000,59.100,.,52.800,81.200,61.300
1976-10-01,46.1,62.100,61.300,59.500,.,53.100,81.200,61.600
1976-11-01,46.8,62.200,61.600,59.800,.,53.400,81.500,61.700
1976-12-01,47.5,62.600,61.900,60.100,.,53.700,81.800,62.000
1977-01-01,48.1,63.000,62.000,60.400,.,54.100,82.300,62.300
1977-02-01,48.1,63.400,62.500,60.700,.,54.400,82.700,63.000
1977-03-01,48.4,63.800,62.700,60.900,.,54.800,82.500,63.200
1977-04-01,48.6,64.100,63.100,61.200,.,55.200,82.500,63.700
1977-05-01,48.9,64.300,63.400,61.500,.,55.400,82.900,63.900
1977-06-01,48.9,64.400,63.900,61.900,.,55.800,83.400,64.200
1977-07-01,49.1,64.500,64.200,62.300,.,56.300,84.100,64.400
1977-08-01,49.5,64.600,64.500,62.500,.,56.600,84.200,64.600
1977-09-01,49.8,64.800,64.700,62.700,.,56.900,83.800,64.800
1977-10-01,50.5,64.900,65.100,63.100,.,57.200,84.100,65.000
1977-11-01,51.3,65.200,65.700,63.500,.,57.600,84.600,65.500
1977-12-01,51.6,65.500,66.000,63.800,.,57.900,84.700,65.700
1978-01-01,51.1,65.800,65.900,64.300,.,58.300,84.700,66.100
1978-02-01,50.6,66.300,66.100,64.700,.,58.700,83.700,66.400
1978-03-01,51,67.000,66.600,65.000,.,59.100,84.100,66.800
1978-04-01,51.4,67.400,67.200,65.500,.,59.600,85.100,67.400
1978-05-01,51.7,68.000,68.000,65.900,.,60.000,85.700,68.000
1978-06-01,51.9,68.500,68.700,66.200,.,60.500,85.900,68.600
1978-07-01,52.1,68.800,69.100,66.700,.,61.000,85.700,69.100
1978-08-01,52.6,69.200,69.400,67.000,.,61.500,85.700,69.400
1978-09-01,53.2,69.700,69.800,67.600,.,62.100,85.800,70.000
1978-10-01,54.1,70.200,70.500,68.100,.,62.600,86.300,70.600
1978-11-01,54.9,70.600,71.000,68.400,.,63.100,86.400,71.100
1978-12-01,55.9,71.200,71.600,68.800,.,63.300,86.200,71.600
1979-01-01,55.8,71.900,72.200,69.300,.,63.800,86.600,72.200
1979-02-01,55.9,72.800,72.900,69.600,.,64.400,86.700,72.900
1979-03-01,57.4,73.600,73.900,70.200,.,64.900,86.900,73.800
1979-04-01,59.5,74.400,74.700,70.800,.,65.500,87.100,74.700
1979-05-01,62,74.800,75.800,71.400,.,66.200,87.700,75.600
1979-06-01,64.7,75.300,76.800,71.800,.,66.800,87.700,76.400
1979-07-01,67.3,75.600,77.800,72.300,.,67.600,87.600,77.200
1979-08-01,69.7,76.100,78.600,72.800,.,68.500,87.600,77.900
1979-09-01,71.9,76.400,79.700,73.200,.,69.200,88.100,78.600
1979-10-01,73.5,76.900,80.500,73.500,.,70.100,88.600,79.300
1979-11-01,74.8,77.900,81.100,74.000,.,71.100,89.000,80.000
1979-12-01,76.8,78.600,82.200,74.400,.,72.000,89.700,80.800
1980-01-01,79.1,79.500,83.300,75.100,.,73.100,90.400,82.000
1980-02-01,81.9,80.100,84.400,75.900,.,74.100,91.000,82.800
1980-03-01,84.5,80.800,85.800,76.700,.,75.400,92.000,83.900
1980-04-01,85.4,81.100,86.200,77.300,.,76.600,92.300,84.400
1980-05-01,86.4,81.800,86.600,78.000,.,77.600,92.400,84.900
1980-06-01,86.5,82.200,87.100,78.500,.,79.000,92.700,85.300
1980-07-01,86.7,82.400,87.700,79.100,.,78.500,92.800,85.900
1980-08-01,87.2,83.600,88.600,79.600,.,78.500,93.300,86.900
1980-09-01,87.5,84.800,89.300,80.600,.,79.000,93.800,87.800
1980-10-01,88,85.700,89.900,81.100,.,80.000,94.500,88.500
1980-11-01,88.8,86.600,90.700,81.400,.,81.100,94.900,89.200
1980-12-01,90.7,86.900,91.400,82.000,.,82.200,94.900,89.700
1981-01-01,92.1,87.200,92.200,82.800,.,83.000,95.000,90.400
1981-02-01,95.2,87.400,93.600,83.600,.,83.700,95.400,91.400
1981-03-01,97.4,87.400,94.700,84.000,.,84.400,95.600,91.900
1981-04-01,97.6,87.500,94.600,84.500,.,85.300,96.000,92.000
1981-05-01,97.9,88.500,94.700,85.000,.,86.400,95.900,92.400
1981-06-01,97.3,89.300,94.900,85.600,.,87.500,96.100,92.900
1981-07-01,97.3,90.200,95.400,86.200,.,88.900,96.400,93.600
1981-08-01,97.8,91.000,95.700,86.900,.,89.900,96.900,94.000
1981-09-01,98.6,91.700,96.200,87.900,.,91.200,97.100,94.600
1981-10-01,99.2,91.400,96.400,88.500,.,91.700,97.300,94.700
1981-11-01,100.5,91.500,96.700,89.100,.,92.500,97.000,94.900
1981-12-01,101.5,91.900,97.000,89.600,.,93.000,97.300,95.100
1982-01-01,100.6,92.100,96.800,90.400,.,93.500,97.100,95.200
1982-02-01,98,92.700,97.100,91.000,.,93.900,97.500,95.400
1982-03-01,96.6,92.800,96.800,91.500,.,94.000,97.800,95.300
1982-04-01,94.2,93.300,96.300,92.100,.,94.900,98.000,95.100
1982-05-01,95.7,94.700,96.800,92.500,.,95.700,97.900,96.000
1982-06-01,98.4,95.900,98.100,93.100,.,96.500,98.000,97.400
1982-07-01,99.3,96.300,98.600,93.700,.,97.000,98.200,97.900
1982-08-01,99.8,96.300,98.500,94.400,.,97.600,98.300,97.900
1982-09-01,100.3,96.200,98.700,95.200,.,97.600,98.300,97.800
1982-10-01,101.7,96.600,98.800,95.900,.,97.900,98.400,98.200
1982-11-01,102.5,96.800,98.800,96.400,.,97.700,98.400,98.300
1982-12-01,102.8,97.300,98.600,96.900,.,96.900,98.100,98.300
1983-01-01,99.6,97.700,98.400,97.500,.,97.500,98.500,98.300
1983-02-01,97.7,97.900,98.200,98.100,.,97.900,99.000,98.100
1983-03-01,96.8,98.400,98.100,98.400,.,98.100,99.000,98.200
1983-04-01,98.9,98.300,99.100,98.900,.,98.700,99.200,98.900
1983-05-01,100.4,98.500,99.800,99.300,.,98.900,99.900,99.500
1983-06-01,100.6,99.000,100.000,99.900,.,99.200,100.400,99.800
1983-07-01,100.9,99.700,100.200,100.300,.,99.600,101.300,100.200
1983-08-01,101.2,100.200,100.500,100.700,.,99.800,101.100,100.500
1983-09-01,101,101.100,100.700,101.000,.,100.200,100.700,100.700
1983-10-01,100.8,101.700,100.700,101.900,.,100.700,100.500,101.000
1983-11-01,100.5,102.500,100.500,102.500,.,101.300,100.700,101.100
1983-12-01,100,103.000,100.500,103.100,.,101.600,100.900,101.200
1984-01-01,100.2,103.000,101.200,103.500,.,102.100,101.300,101.900
1984-02-01,101.4,102.900,102.000,104.100,.,102.600,100.900,102.400
1984-03-01,101.4,103.500,102.100,104.700,.,103.000,100.900,102.600
1984-04-01,101.7,104.400,102.300,105.100,.,103.500,100.800,102.900
1984-05-01,101.6,105.200,102.300,105.700,.,103.900,100.800,103.000
1984-06-01,100.8,105.500,102.200,106.400,.,104.200,100.600,103.100
1984-07-01,100.5,105.700,102.200,106.800,.,104.900,101.200,103.200
1984-08-01,100.1,106.000,102.600,107.400,.,105.400,101.900,103.400
1984-09-01,100.6,106.400,103.000,108.200,.,105.900,102.100,103.600
1984-10-01,101.1,106.300,103.200,108.700,.,106.300,102.400,103.900
1984-11-01,100.8,106.200,103.100,109.300,.,106.700,102.300,103.900
1984-12-01,100.1,106.100,103.100,109.900,.,107.100,102.400,103.900
1985-01-01,100.3,106.100,103.000,110.400,.,107.400,102.400,104.100
1985-02-01,100.3,106.800,103.400,110.800,.,107.900,103.400,104.700
1985-03-01,101.3,107.200,104.000,111.300,.,108.400,103.700,105.100
1985-04-01,102.3,107.500,104.600,111.800,.,108.700,103.700,105.400
1985-05-01,102.2,107.100,104.800,112.400,.,109.400,103.600,105.200
1985-06-01,102.2,106.700,105.000,113.000,.,109.800,104.300,105.300
1985-07-01,102.2,106.400,104.900,113.600,.,110.300,104.300,105.300
1985-08-01,101.2,106.500,105.000,113.900,.,110.700,104.400,105.200
1985-09-01,101.2,106.600,105.300,114.400,.,111.000,104.900,105.400
1985-10-01,101.2,106.800,105.500,115.000,.,111.500,105.000,105.600
1985-11-01,101.8,106.700,106.000,115.600,.,112.100,105.200,106.100
1985-12-01,102.4,106.700,106.300,116.000,.,112.500,105.300,106.600
1986-01-01,102.6,106.700,106.400,116.800,.,113.100,105.100,106.900
1986-02-01,99.5,106.300,105.200,117.400,.,113.500,104.300,106.000
1986-03-01,92.6,106.300,103.500,117.700,.,114.100,103.600,104.500
1986-04-01,87.2,106.200,102.300,118.200,.,114.600,103.500,103.300
1986-05-01,87.2,106.300,102.700,118.700,.,114.800,103.400,103.500
1986-06-01,88.8,106.600,103.000,119.200,.,115.500,103.300,103.800
1986-07-01,85.6,106.500,102.600,119.700,.,115.700,103.900,103.700
1986-08-01,83.6,106.700,102.700,119.900,.,116.100,105.100,103.600
1986-09-01,84.4,106.900,103.500,121.100,.,116.500,105.700,104.000
1986-10-01,82.8,106.800,103.300,121.500,.,116.900,105.200,104.000
1986-11-01,82.1,106.800,103.400,122.000,.,117.200,105.600,104.200
1986-12-01,82.5,106.800,103.500,122.400,.,117.500,105.800,104.500
1987-01-01,85.4,106.900,104.400,122.900,.,117.900,106.800,105.500
1987-02-01,87.4,106.700,105.300,123.300,.,118.300,107.600,106.100
1987-03-01,87.6,107.100,106.100,123.700,.,118.600,108.000,106.500
1987-04-01,87.6,107.700,106.900,124.300,.,119.200,108.800,106.900
1987-05-01,87.1,107.900,107.200,124.900,.,119.600,109.100,107.200
1987-06-01,88.5,108.200,107.400,125.200,.,120.000,109.200,107.700
1987-07-01,89.2,108.600,107.300,125.900,.,120.300,109.300,108.000
1987-08-01,90.5,108.900,108.100,126.100,.,120.900,110.000,108.500
1987-09-01,90.3,108.900,109.000,127.000,.,121.400,110.700,108.800
1987-10-01,89.6,109.000,109.400,127.900,.,121.800,111.500,109.000
1987-11-01,90.0,109.300,109.500,128.300,.,122.200,112.200,109.300
1987-12-01,89.5,109.100,109.100,128.700,.,122.600,111.700,109.300
1988-01-01,88.8,108.900,109.100,129.300,.,123.000,112.300,109.500
1988-02-01,88.7,109.100,109.000,130.100,.,123.500,110.900,109.500
1988-03-01,88.4,109.500,109.800,130.800,.,123.900,112.600,109.800
1988-04-01,88.8,109.700,111.000,131.400,.,124.400,114.500,110.500
1988-05-01,88.5,109.900,111.400,131.700,.,124.800,114.400,110.700
1988-06-01,88.9,110.200,111.400,132.300,.,125.400,114.800,111.200
1988-07-01,89.4,110.500,111.900,132.800,.,125.800,115.200,111.900
1988-08-01,90.1,110.800,112.400,133.600,.,126.400,113.500,112.200
1988-09-01,89.8,111.200,113.700,133.800,.,126.900,115.200,112.800
1988-10-01,89.8,111.300,114.200,134.600,.,127.500,116.100,113.000
1988-11-01,89.8,111.500,114.100,135.100,.,127.900,116.500,113.300
1988-12-01,89.6,111.900,113.900,135.800,.,128.400,117.000,113.500
1989-01-01,90.3,112.000,114.300,137.000,.,128.900,117.100,114.100
1989-02-01,90.8,112.200,114.900,137.700,.,129.400,115.400,114.500
1989-03-01,91.8,111.900,116.200,138.400,.,130.000,116.700,115.100
1989-04-01,96.6,111.900,118.400,139.200,.,130.500,117.200,116.500
1989-05-01,97.4,111.900,119.300,139.800,.,131.100,117.600,117.100
1989-06-01,96.9,112.100,119.000,140.700,.,131.600,117.200,117.200
1989-07-01,96.7,112.000,118.700,141.300,.,132.300,116.700,117.300
1989-08-01,94.9,111.900,118.400,142.100,.,132.800,115.300,117.000
1989-09-01,93.8,111.900,119.300,142.700,.,133.100,117.300,117.200
1989-10-01,94.4,112.300,120.100,143.200,.,133.700,118.100,117.800
1989-11-01,93.9,112.700,120.000,144.000,.,134.300,118.600,118.100
1989-12-01,94.2,113.100,119.800,145.000,.,134.900,118.300,118.400
1990-01-01,98.9,113.300,122.600,145.800,141.700,135.400,118.400,120.200
1990-02-01,98.2,113.400,123.600,146.500,142.000,136.000,120.800,120.700
1990-03-01,97.6,113.300,123.900,147.300,143.100,136.800,122.900,120.900
1990-04-01,97.5,113.200,123.600,148.000,143.700,137.400,123.000,121.000
1990-05-01,96.7,113.200,123.600,149.100,144.100,137.900,122.800,121.000
1990-06-01,97.3,113.000,124.500,149.800,145.200,138.800,123.000,121.600
1990-07-01,97.1,113.200,125.100,150.600,146.200,139.600,122.900,122.000
1990-08-01,101.6,113.400,126.700,151.600,147.600,140.600,123.200,123.200
1990-09-01,106.5,113.400,128.300,152.400,147.800,141.100,124.100,124.500
1990-10-01,110.8,113.800,129.800,152.800,148.100,141.600,124.000,125.800
1990-11-01,111.2,113.800,130.100,153.700,148.400,142.200,124.000,126.000
1990-12-01,111.0,114.100,130.300,154.400,148.900,142.700,124.900,126.300
1991-01-01,108.5,114.500,130.200,155.200,149.900,143.700,125.600,126.300
1991-02-01,104.5,115.100,129.800,156.100,150.300,144.400,126.000,125.900
1991-03-01,101.9,115.300,129.200,156.800,150.700,144.700,125.500,125.500
1991-04-01,101.2,115.500,129.700,157.700,151.100,144.900,126.100,126.000
1991-05-01,102.1,115.900,130.200,158.500,151.400,145.400,126.700,126.400
1991-06-01,101.1,116.100,130.400,159.200,151.800,145.900,126.500,126.700
1991-07-01,100.7,116.500,130.200,160.200,152.200,146.500,127.400,126.600
1991-08-01,101.1,116.400,130.600,160.800,152.600,146.900,128.700,126.800
1991-09-01,101.5,116.500,130.600,162.400,153.100,147.600,128.800,127.000
1991-10-01,101.6,116.500,130.400,163.000,153.600,148.000,128.900,127.000
1991-11-01,102.4,116.700,131.100,163.600,154.200,148.500,129.900,127.600
1991-12-01,103.1,116.800,131.300,164.000,154.800,149.200,129.400,127.900
1992-01-01,101.5,117.100,131.000,164.400,155.200,149.600,129.600,127.600
1992-02-01,101.2,117.300,131.500,165.400,155.600,149.900,129.500,127.800
1992-03-01,101.2,117.800,132.000,166.100,156.100,150.400,129.700,128.200
1992-04-01,101.4,118.100,132.000,166.700,156.300,150.900,129.000,128.300
1992-05-01,102.0,118.300,132.300,167.300,156.600,151.300,130.100,128.600
1992-06-01,103.3,118.500,132.900,168.100,157.300,151.700,130.400,129.100
1992-07-01,103.7,118.700,133.200,168.700,157.500,152.200,131.000,129.300
1992-08-01,103.5,118.900,133.400,169.500,157.900,152.600,130.400,129.600
1992-09-01,103.6,119.100,133.500,170.300,157.900,152.900,130.300,129.900
1992-10-01,104.3,119.400,133.700,171.100,158.700,153.700,130.700,130.200
1992-11-01,105.1,119.800,133.800,171.700,159.100,154.300,131.000,130.300
1992-12-01,105.3,119.800,133.900,172.500,159.400,154.700,131.000,130.500
1993-01-01,105.0,119.800,134.500,173.000,159.900,155.300,131.000,130.700
1993-02-01,104.3,119.800,135.200,173.700,160.300,155.600,132.500,131.100
1993-03-01,104.9,120.100,135.100,174.300,160.500,156.000,132.500,131.100
1993-04-01,104.9,120.400,135.300,175.100,161.200,156.700,132.500,131.400
1993-05-01,104.3,120.700,135.400,175.800,161.600,157.300,131.800,131.600
1993-06-01,103.9,121.000,135.000,176.600,162.100,157.800,131.100,131.300
1993-07-01,103.4,121.200,134.800,177.100,162.200,158.100,130.900,131.300
1993-08-01,103.4,121.700,134.800,177.800,162.500,158.600,132.400,131.600
1993-09-01,103.0,122.100,134.400,178.900,162.900,159.000,131.900,131.300
1993-10-01,105.3,122.500,135.300,179.700,163.200,159.400,131.900,132.200
1993-11-01,104.4,122.900,135.400,180.600,163.600,159.900,132.500,132.400
1993-12-01,103.7,123.000,135.500,181.200,164.300,160.500,132.100,132.400
1994-01-01,102.8,123.200,135.600,182.000,164.600,160.800,131.000,132.300
1994-02-01,104.1,123.100,135.600,182.900,165.300,161.400,131.000,132.400
1994-03-01,104.3,123.300,135.800,183.400,165.700,162.000,131.700,132.500
1994-04-01,103.7,123.500,135.800,184.100,166.000,162.200,131.300,132.600
1994-05-01,102.8,124.300,135.900,184.500,166.300,162.400,131.800,132.900
1994-06-01,103.1,124.800,136.500,185.300,166.600,162.800,132.700,133.500
1994-07-01,104.5,125.300,137.200,185.800,166.900,163.100,132.000,134.100
1994-08-01,106.7,125.500,137.800,186.100,167.700,163.800,130.900,134.700
1994-09-01,106.1,125.700,137.900,186.700,168.200,164.100,131.400,134.800
1994-10-01,105.7,125.900,137.600,187.400,168.700,164.500,130.900,134.800
1994-11-01,106.1,126.300,138.000,188.300,169.100,165.000,130.100,135.000
1994-12-01,105.9,126.600,138.300,188.600,169.200,165.200,129.700,135.400
1995-01-01,105.7,126.900,138.400,189.400,169.600,166.000,129.600,135.400
1995-02-01,105.8,127.400,138.500,190.800,170.100,166.500,129.200,135.600
1995-03-01,105.5,127.600,138.500,191.300,170.600,167.100,129.500,135.600
1995-04-01,105.6,127.900,138.900,191.900,171.200,167.700,129.200,136.200
1995-05-01,105.8,128.000,139.200,192.400,171.800,168.100,128.800,136.400
1995-06-01,106.7,128.000,139.600,192.500,172.200,168.500,128.600,136.600
1995-07-01,105.8,128.000,139.600,193.100,172.800,168.900,128.600,136.600
1995-08-01,105.6,128.200,139.700,193.900,173.100,169.300,130.000,136.800
1995-09-01,104.1,128.300,139.800,195.100,173.600,169.700,129.400,136.800
1995-10-01,104.4,128.400,139.900,195.500,174.200,170.300,129.700,137.100
1995-11-01,103.4,128.600,139.900,196.300,174.600,170.700,129.200,137.000
1995-12-01,104.4,128.700,140.200,197.000,175.100,170.900,129.600,137.300
1996-01-01,106.9,129.000,141.300,197.900,175.700,171.500,130.200,138.200
1996-02-01,107.1,129.100,141.400,198.900,176.000,172.000,129.200,138.300
1996-03-01,108.3,129.300,142.400,199.300,176.400,172.400,129.400,139.000
1996-04-01,111.2,129.200,143.200,199.900,176.800,172.800,128.800,139.600
1996-05-01,112.0,129.200,143.500,200.500,177.200,173.400,128.600,139.700
1996-06-01,110.3,129.300,143.600,201.100,177.600,173.800,128.200,139.800
1996-07-01,110.1,129.300,143.700,201.600,178.500,174.400,127.800,139.800
1996-08-01,109.7,129.500,143.400,202.000,178.700,174.900,127.000,139.800
1996-09-01,109.8,129.700,144.000,202.800,179.000,175.400,127.800,140.300
1996-10-01,110.5,129.600,144.500,203.300,179.400,175.800,127.900,140.800
1996-11-01,111.8,129.500,145.400,204.100,179.900,176.300,128.200,141.400
1996-12-01,113.9,129.600,145.800,204.700,180.300,176.700,128.500,141.700
1997-01-01,115.2,129.400,146.000,205.700,180.900,177.300,128.900,141.800
1997-02-01,115.0,129.500,146.300,206.500,181.400,177.600,129.700,142.100
1997-03-01,113.0,129.600,146.200,207.400,181.800,178.000,129.000,141.800
1997-04-01,111.0,129.300,145.900,208.000,182.200,178.400,129.700,141.600
1997-05-01,108.8,129.300,145.600,208.700,182.600,178.700,129.900,141.400
1997-06-01,110.0,129.000,145.800,209.700,183.100,179.200,129.900,141.500
1997-07-01,109.1,128.600,146.000,210.200,183.600,179.700,130.000,141.400
1997-08-01,110.9,128.300,146.500,210.800,184.100,179.900,129.100,141.900
1997-09-01,112.4,128.100,146.900,211.000,184.400,180.400,129.400,142.200
1997-10-01,111.8,128.100,146.900,211.800,185.000,180.900,129.000,142.200
1997-11-01,111.4,127.800,147.100,212.100,185.500,181.400,129.200,142.100
1997-12-01,109.8,127.700,147.000,212.800,186.300,181.700,129.300,142.100
1998-01-01,107.5,127.800,146.800,213.700,186.700,182.100,129.100,142.000
1998-02-01,105.1,127.900,146.600,214.200,187.300,182.300,129.300,141.800
1998-03-01,103.3,127.700,146.300,215.100,187.600,182.800,129.300,141.400
1998-04-01,102.4,127.800,145.900,215.700,188.200,183.300,128.900,141.300
1998-05-01,103.2,127.500,146.600,216.400,188.800,183.700,129.300,141.700
1998-06-01,103.6,127.500,146.800,217.000,189.200,184.000,129.600,141.800
1998-07-01,103.3,127.800,147.000,217.400,189.600,184.300,129.800,142.100
1998-08-01,102.1,127.800,147.300,217.500,190.200,184.700,131.500,142.200
1998-09-01,101.3,127.300,146.700,218.300,191.000,185.100,129.300,142.000
1998-10-01,101.5,127.100,147.400,218.600,191.600,185.500,128.900,142.300
1998-11-01,101.1,127.200,147.600,219.300,192.100,186.000,128.800,142.200
1998-12-01,100.1,127.000,148.200,219.600,192.600,186.400,128.100,142.500
1999-01-01,99.7,126.700,148.800,220.200,192.600,186.600,127.600,142.800
1999-02-01,99.2,126.200,148.500,220.800,192.900,186.900,127.100,142.400
1999-03-01,100.4,125.900,148.700,221.200,193.300,187.400,126.600,142.400
1999-04-01,105.5,125.900,150.600,221.800,194.000,187.900,127.900,144.000
1999-05-01,104.9,125.700,150.500,222.200,194.300,188.100,128.200,143.900
1999-06-01,104.5,125.800,150.200,222.700,194.800,188.300,128.300,143.800
1999-07-01,106.7,125.900,151.100,223.200,195.200,188.900,127.800,144.500
1999-08-01,109.5,126.000,152.000,223.800,195.500,189.300,127.500,145.000
1999-09-01,111.8,126.100,152.500,224.200,196.200,189.800,127.900,145.900
1999-10-01,112.0,126.100,153.300,224.800,196.400,190.200,128.200,146.100
1999-11-01,111.5,125.800,153.600,225.800,196.900,190.900,127.700,145.900
1999-12-01,113.8,125.500,154.600,226.500,197.400,191.200,128.200,146.500
2000-01-01,115.0,125.300,155.000,227.400,198.400,192.000,127.500,146.700
2000-02-01,118.8,125.100,156.300,227.200,198.800,192.500,127.100,147.600
2000-03-01,124.3,125.500,158.200,227.700,199.500,193.100,127.000,149.100
2000-04-01,120.9,125.400,157.300,228.100,199.900,193.500,126.300,148.500
2000-05-01,120.0,125.800,156.500,228.700,200.400,194.000,126.100,148.500
2000-06-01,126.8,125.500,158.300,229.200,201.000,194.900,125.800,149.600
2000-07-01,127.3,125.400,158.900,230.500,201.600,195.700,125.800,149.800
2000-08-01,123.8,125.300,158.100,231.200,202.100,196.300,125.800,149.200
2000-09-01,129.2,125.300,159.200,230.900,202.700,196.900,125.900,150.400
2000-10-01,129.6,125.200,159.400,232.100,203.300,197.700,125.800,150.100
2000-11-01,129.2,125.300,160.300,232.200,203.900,198.100,125.800,150.300
2000-12-01,130.1,125.500,160.500,233.100,204.300,198.800,125.500,150.400
2001-01-01,135.0,125.500,160.700,234.000,205.000,200.600,126.000,150.600
2001-02-01,134.1,125.700,160.600,234.600,205.600,201.200,126.100,150.800
2001-03-01,131.7,125.400,160.200,235.400,206.600,201.600,126.000,150.500
2001-04-01,132.3,125.200,160.900,236.300,207.000,202.000,124.900,150.900
2001-05-01,138.4,124.800,162.000,236.800,207.800,202.700,123.700,151.900
2001-06-01,136.9,124.600,162.100,237.300,208.700,203.500,123.900,151.900
2001-07-01,129.6,124.400,160.800,238.300,209.200,203.800,123.500,150.900
2001-08-01,127.3,124.200,160.300,239.300,210.100,204.400,122.500,150.400
2001-09-01,130.9,123.900,161.300,239.800,210.400,204.500,122.000,151.600
2001-10-01,122.9,123.900,160.100,240.800,210.900,204.800,121.900,150.300
2001-11-01,116.9,124.000,159.300,241.600,212.100,205.600,121.600,149.200
2001-12-01,113.9,124.000,158.500,242.100,213.000,206.100,121.200,148.300
2002-01-01,114.2,123.200,158.900,242.800,213.500,206.800,121.200,148.300
2002-02-01,113.5,122.300,159.000,243.300,214.600,207.500,121.000,148.300
2002-03-01,117.6,121.900,160.200,243.500,214.900,207.900,121.400,149.000
2002-04-01,121.5,121.700,161.000,244.000,215.600,208.500,121.200,150.000
2002-05-01,121.9,121.600,160.400,245.000,216.000,209.000,120.400,149.700
2002-06-01,121.6,121.400,160.400,245.700,216.500,209.300,119.900,149.700
2002-07-01,122.4,121.300,160.800,247.100,216.800,209.900,119.400,149.900
2002-08-01,123.1,121.300,161.500,248.100,217.600,210.600,120.500,150.200
2002-09-01,123.7,121.100,161.200,248.300,218.100,211.100,119.500,150.200
2002-10-01,126.9,120.900,162.000,249.000,218.500,211.700,119.000,150.500
2002-11-01,126.7,120.400,163.500,249.600,219.100,212.400,119.000,150.500
2002-12-01,127.1,120.000,163.700,250.300,219.600,213.000,118.600,150.300
2003-01-01,133.500,119.500,164.500,251.300,220.200,213.700,117.700,151.300
2003-02-01,140.800,119.300,166.600,252.300,220.200,214.200,117.500,152.700
2003-03-01,143.900,119.300,166.700,252.600,220.200,215.000,116.800,152.600
2003-04-01,136.500,119.000,164.200,252.700,220.200,215.100,116.500,151.100
2003-05-01,129.400,118.400,162.300,253.400,221.400,216.000,116.100,149.400
2003-06-01,129.800,118.000,162.800,253.700,221.300,216.200,116.400,149.700
2003-07-01,132.200,117.600,163.500,254.500,221.900,216.800,116.800,150.300
2003-08-01,137.8,117.200,165.600,255.400,222.400,217.200,116.700,151.400
2003-09-01,142.900,116.200,166.600,256.100,222.800,217.800,116.900,152.100
2003-10-01,137.800,115.500,166.200,256.500,223.500,218.400,117.000,151.100
2003-11-01,136.900,115.100,166.700,256.800,223.900,218.600,116.800,151.100
2003-12-01,138.800,114.900,167.500,257.500,224.400,219.000,116.100,151.600
2004-01-01,143.900,114.800,169.000,258.300,224.900,219.700,116.200,152.500
2004-02-01,145.800,114.900,169.600,259.100,224.800,220.100,116.200,153.100
2004-03-01,145.100,114.800,170.100,259.600,226.100,220.800,116.300,153.300
2004-04-01,143.400,114.700,169.600,259.900,226.800,221.400,116.500,153.000
2004-05-01,147.600,114.700,171.300,260.100,227.500,221.900,116.900,154.200
2004-06-01,151.500,114.500,172.400,260.900,227.900,222.700,117.300,154.900
2004-07-01,151.100,114.300,172.400,261.400,228.400,223.200,117.300,154.600
2004-08-01,151.500,114.000,172.400,261.800,228.700,223.700,116.200,154.400
2004-09-01,152.900,114.600,172.000,262.800,229.500,224.200,115.400,154.900
2004-10-01,158.600,115.000,175.100,262.800,229.900,224.600,116.000,156.700
2004-11-01,163.800,115.400,176.100,263.600,230.000,225.400,116.300,157.800
2004-12-01,162.300,115.500,175.800,264.300,230.400,225.800,115.200,157.400
2005-01-01,157.200,115.700,175.000,265.000,230.900,226.200,115.600,156.800
2005-02-01,161.800,115.600,176.000,265.700,231.700,226.900,115.200,157.500
2005-03-01,163.500,115.400,176.800,266.200,233.000,228.000,115.800,157.900
2005-04-01,166.700,115.300,178.400,267.000,233.000,228.500,115.000,158.600
2005-05-01,163.300,115.500,176.200,267.500,232.900,228.900,115.000,158.100
2005-06-01,163.700,115.400,176.300,267.500,233.400,229.100,114.300,158.000
2005-07-01,172.800,115.000,179.300,268.100,234.000,229.900,113.800,159.600
2005-08-01,183.500,114.700,182.800,268.600,234.300,230.400,114.200,161.500
2005-09-01,208.200,115.100,189.000,270.100,234.000,231.400,113.400,166.000
2005-10-01,205.900,115.100,187.500,270.600,235.200,233.100,113.400,164.800
2005-11-01,191.000,115.000,182.800,271.500,235.900,234.200,114.000,161.800
2005-12-01,187.600,115.000,182.400,272.300,236.600,234.400,113.500,161.500
2006-01-01,196.600,115.000,184.700,273.300,237.100,235.500,113.300,162.900
2006-02-01,194.100,114.900,184.400,273.900,237.900,235.900,112.200,162.500
2006-03-01,192.000,114.800,184.400,274.900,238.900,236.500,113.500,162.600
2006-04-01,198.500,114.900,186.700,275.800,239.700,237.100,114.200,164.100
2006-05-01,199.800,114.800,187.600,276.400,240.700,237.800,114.400,164.600
2006-06-01,199.800,114.600,188.000,277.400,241.500,238.500,114.800,164.800
2006-07-01,207.900,114.700,190.300,278.200,242.400,239.200,113.700,166.400
2006-08-01,211.900,114.500,191.800,278.800,243.400,239.900,114.700,167.200
2006-09-01,198.100,114.300,187.600,279.600,244.000,240.700,115.200,164.600
2006-10-01,184.100,114.000,184.500,280.300,244.900,241.000,114.700,162.500
2006-11-01,184.100,113.600,184.200,280.500,245.700,241.700,114.200,162.000
2006-12-01,192.700,113.400,186.800,280.900,246.500,242.400,114.600,163.400
2007-01-01,190.281,113.079,186.614,281.307,247.098,243.214,114.809,163.335
2007-02-01,192.310,112.972,187.999,281.928,248.089,244.091,115.231,164.066
2007-03-01,200.206,112.936,190.102,282.694,248.452,244.743,114.787,165.554
2007-04-01,203.307,112.805,191.337,283.685,249.291,245.315,114.383,166.198
2007-05-01,208.635,112.534,193.147,285.158,249.905,245.896,114.174,167.309
2007-06-01,209.799,112.365,193.343,285.451,250.677,246.645,113.529,167.519
2007-07-01,209.639,112.092,193.970,285.796,251.393,247.065,113.168,167.808
2007-08-01,206.412,112.117,193.533,286.153,251.832,247.505,112.503,167.468
2007-09-01,210.742,112.116,195.174,287.229,252.428,248.248,112.727,168.479
2007-10-01,212.386,112.086,196.037,288.336,252.926,249.054,113.171,168.985
2007-11-01,223.814,112.246,199.992,289.008,253.458,249.818,113.368,171.484
2007-12-01,225.649,112.244,200.653,289.896,254.077,250.546,114.203,171.973
2008-01-01,226.775,112.229,201.637,291.000,254.838,251.254,114.226,172.740
2008-02-01,229.731,111.975,202.432,291.506,255.251,251.827,113.532,173.200
2008-03-01,233.349,111.885,203.485,292.493,256.030,252.919,112.890,173.692
2008-04-01,234.778,111.553,204.540,293.387,256.026,253.590,113.098,173.978
2008-05-01,243.924,111.275,207.248,294.522,256.422,254.677,113.091,175.384
2008-06-01,262.081,111.098,212.392,295.405,257.023,255.839,112.805,178.686
2008-07-01,271.149,111.007,215.202,296.511,257.758,257.074,113.281,180.525
2008-08-01,262.566,110.720,213.294,297.526,257.901,257.560,114.334,179.394
2008-09-01,260.125,110.342,213.663,298.369,258.309,257.582,114.225,179.740
2008-10-01,238.065,109.877,208.170,298.988,258.535,257.712,113.227,175.931
2008-11-01,195.155,109.410,197.102,299.524,258.804,257.821,113.181,168.250
2008-12-01,176.583,109.069,191.727,300.085,258.767,257.988,112.367,164.636
2009-01-01,178.661,109.025,192.421,300.748,259.301,258.453,112.267,165.247
2009-02-01,183.721,109.221,194.835,301.620,259.520,258.656,114.277,166.580
2009-03-01,178.415,109.264,193.342,302.315,259.901,258.744,114.677,166.142
2009-04-01,177.552,109.404,193.412,302.030,260.189,258.698,114.401,166.580
2009-05-01,179.830,109.650,194.293,302.697,260.328,258.584,114.210,167.281
2009-06-01,197.033,109.983,199.830,303.723,260.384,258.686,114.489,170.658
2009-07-01,195.778,109.924,199.680,304.536,260.330,258.747,114.058,170.456
2009-08-01,201.583,109.129,201.480,305.358,260.314,259.285,114.251,171.332
2009-09-01,202.777,109.387,202.148,305.941,260.065,259.523,114.828,171.922
2009-10-01,204.719,110.684,202.678,306.128,260.171,260.011,114.409,172.746
2009-11-01,210.932,111.159,204.408,306.359,259.374,260.213,113.751,173.950
2009-12-01,209.915,111.477,204.574,306.513,259.080,260.285,114.158,174.106
2010-01-01,212.807,111.934,205.451,307.183,258.766,259.833,113.552,174.876
2010-02-01,209.624,111.811,204.675,307.253,258.555,259.970,113.897,174.321
2010-03-01,209.326,111.683,204.268,307.568,258.327,260.342,114.104,174.137
2010-04-01,209.219,111.397,203.898,308.675,258.318,260.672,113.375,173.874
2010-05-01,206.631,111.206,203.461,309.303,258.482,260.932,113.515,173.367
2010-06-01,203.764,110.989,202.867,309.997,258.538,261.188,113.439,172.929
2010-07-01,206.877,111.085,203.563,310.561,258.605,261.525,113.140,173.391
2010-08-01,208.770,111.239,204.178,310.900,258.593,261.722,112.749,173.829
2010-09-01,209.832,111.283,204.687,310.714,258.927,261.884,112.950,174.383
2010-10-01,216.710,111.201,207.093,310.744,259.157,262.075,112.471,175.737
2010-11-01,219.496,111.005,208.422,311.355,259.631,262.410,112.823,176.497
2010-12-01,227.130,111.034,210.934,311.092,259.933,262.733,113.124,177.948
2011-01-01,229.258,111.106,212.075,311.566,260.233,263.159,113.629,178.945
2011-02-01,232.068,111.401,213.201,312.062,260.485,263.701,113.728,179.827
2011-03-01,240.079,111.753,216.159,312.367,260.714,264.114,113.490,181.764
2011-04-01,247.977,112.122,219.033,312.760,260.913,264.465,114.005,183.488
2011-05-01,250.744,112.552,220.604,313.613,261.249,264.860,115.074,184.504
2011-06-01,245.534,112.922,219.496,313.990,261.721,265.284,115.712,184.090
2011-07-01,246.187,113.204,220.084,314.119,262.275,265.962,116.760,184.566
2011-08-01,246.880,113.306,220.948,315.284,262.806,266.690,117.833,185.262
2011-09-01,248.550,113.220,221.623,315.733,263.254,267.123,117.426,185.808
2011-10-01,246.655,113.091,221.491,316.349,263.748,267.520,118.212,185.725
2011-11-01,247.640,113.027,222.141,317.102,264.277,267.829,119.338,186.239
2011-12-01,243.353,112.984,221.535,318.320,264.827,268.463,119.394,185.713
2012-01-01,244.876,112.944,222.586,319.600,265.273,268.940,120.001,186.508
2012-02-01,248.898,112.996,223.909,319.517,265.714,269.034,119.591,187.426
2012-03-01,249.742,112.952,224.795,320.258,266.208,269.562,120.334,187.863
2012-04-01,249.677,113.040,225.528,320.949,266.757,270.105,120.760,188.067
2012-05-01,241.806,113.091,223.591,321.577,267.181,270.363,120.954,186.810
2012-06-01,235.897,113.041,222.249,322.499,267.535,270.956,120.200,185.837
2012-07-01,233.568,113.131,221.467,322.656,267.792,271.392,120.018,185.502
2012-08-01,244.987,112.806,224.788,322.921,268.356,272.071,119.257,187.526
2012-09-01,252.987,112.421,227.059,323.661,269.041,272.691,120.445,189.115
2012-10-01,256.017,112.327,228.005,324.213,269.662,273.242,121.266,189.812
2012-11-01,248.819,112.399,225.911,324.836,270.115,273.783,120.990,188.453
2012-12-01,244.708,112.389,224.906,325.274,270.565,274.437,120.985,187.716
2013-01-01,245.025,112.497,224.986,326.279,271.027,275.121,121.741,187.971
2013-02-01,255.696,112.379,228.051,327.278,271.592,275.756,121.726,189.884
2013-03-01,246.595,112.209,225.716,327.433,272.070,276.207,120.578,188.070
2013-04-01,240.473,112.014,223.796,327.212,272.591,276.473,120.416,186.794
2013-05-01,240.468,111.879,223.773,327.708,273.230,276.955,120.393,186.495
2013-06-01,242.711,111.782,224.988,327.909,273.762,277.441,120.260,187.137
2013-07-01,242.986,111.688,225.261,328.395,274.239,278.142,121.286,187.328
2013-08-01,244.833,111.621,225.859,329.251,274.880,278.743,121.052,187.847
2013-09-01,242.745,111.712,224.981,330.111,275.375,279.396,121.037,187.353
2013-10-01,241.954,111.722,224.586,330.624,275.745,279.756,120.781,187.248
2013-11-01,242.718,111.677,224.764,331.287,276.622,280.332,121.150,187.504
2013-12-01,245.733,111.625,226.037,331.576,277.385,280.891,122.750,188.209
2014-01-01,250.340,111.301,226.680,332.329,278.028,281.729,122.031,188.528
2014-02-01,249.925,111.053,226.755,332.653,278.582,282.328,121.223,188.439
2014-03-01,249.961,110.775,226.580,333.038,279.463,283.543,121.453,188.140
2014-04-01,249.864,110.607,227.688,333.643,280.105,283.778,121.480,188.779
2014-05-01,249.213,110.398,228.073,334.116,280.898,284.678,121.674,188.766
2014-06-01,249.714,110.199,228.192,334.471,281.426,285.109,121.723,188.973
2014-07-01,248.744,110.218,228.426,335.196,282.194,285.733,121.386,188.869
2014-08-01,245.699,110.202,227.455,335.231,282.766,285.984,120.636,188.534
2014-09-01,241.610,110.135,227.155,335.493,283.405,286.388,120.946,188.141
2014-10-01,237.061,110.252,226.522,335.416,284.018,286.893,120.816,187.522
2014-11-01,229.016,109.796,224.588,335.403,284.786,287.404,120.331,186.059
2014-12-01,218.536,109.446,221.495,335.640,285.343,287.958,119.488,184.015
2015-01-01,199.926,108.977,215.999,336.643,286.126,288.584,119.086,180.302
2015-02-01,203.021,109.185,216.744,336.452,286.858,288.949,118.941,181.129
2015-03-01,205.757,109.316,217.879,336.934,287.736,289.470,119.585,181.884
2015-04-01,203.577,109.477,216.821,337.622,288.466,290.183,119.376,181.641
2015-05-01,208.973,109.465,218.833,337.972,288.988,290.543,118.753,182.865
2015-06-01,212.015,109.425,219.443,338.981,289.874,291.315,118.389,183.424
2015-07-01,211.623,109.242,220.236,339.591,290.992,292.022,118.506,183.437
2015-08-01,208.579,109.057,219.253,340.182,291.553,292.472,118.902,182.940
2015-09-01,197.246,109.148,216.666,341.002,292.435,293.125,118.901,181.170
2015-10-01,195.616,108.995,216.865,341.898,293.112,293.897,118.180,180.851
2015-11-01,195.114,108.765,217.002,342.519,293.884,294.620,118.604,180.652
2015-12-01,190.143,108.539,215.691,342.909,294.565,295.032,119.048,179.745
2016-01-01,185.235,108.232,214.447,343.527,295.491,295.760,117.682,178.786
2016-02-01,176.401,108.260,212.444,343.937,296.335,296.387,118.496,177.511
2016-03-01,182.234,108.137,212.811,344.944,297.025,297.073,118.543,178.319
2016-04-01,186.713,107.939,213.780,345.557,297.786,297.918,118.415,179.289
2016-05-01,188.596,107.693,214.229,345.925,298.818,298.863,119.560,179.478
2016-06-01,192.899,107.290,215.183,346.734,299.913,299.729,119.559,179.948
2016-07-01,189.046,107.099,214.318,347.014,300.625,300.499,119.196,178.870
2016-08-01,188.772,106.915,214.590,347.118,301.505,301.354,119.120,178.825
2016-09-01,192.243,106.752,215.623,346.683,302.542,301.954,118.752,179.502
2016-10-01,195.979,106.578,216.964,346.458,303.551,302.528,119.156,180.091
2016-11-01,196.372,106.337,217.026,347.057,304.464,303.279,119.394,179.833
2016-12-01,199.513,106.207,218.300,347.472,305.333,304.027,118.767,180.321
2017-01-01,205.369,106.536,219.433,348.624,306.105,304.871,118.848,181.536
2017-02-01,204.133,106.450,219.540,349.316,306.937,305.741,119.160,181.425
2017-03-01,202.528,106.073,218.794,346.404,307.421,305.619,119.212,181.311
2017-04-01,202.954,105.910,218.825,346.306,308.148,306.260,118.898,181.247
2017-05-01,198.449,105.692,217.418,346.398,308.891,306.909,118.235,180.200
2017-06-01,197.808,105.275,217.040,346.533,309.723,307.581,118.013,179.853
2017-07-01,195.994,104.749,217.026,347.070,310.138,308.083,118.234,179.472
2017-08-01,201.450,104.561,218.798,347.598,311.481,308.982,118.463,180.410
2017-09-01,212.723,104.557,222.321,348.016,312.378,309.625,118.799,182.311
2017-10-01,208.328,104.278,221.350,348.451,313.477,310.468,119.114,181.841
2017-11-01,213.047,104.423,222.512,348.959,314.181,310.990,118.110,182.578
2017-12-01,213.574,104.798,222.527,349.644,315.168,311.887,117.262,182.758
2018-01-01,216.855,104.710,223.982,350.146,315.979,312.764,118.310,183.957
2018-02-01,220.141,104.694,225.036,350.232,316.645,313.684,119.150,184.378
2018-03-01,215.720,104.957,224.187,350.388,317.730,314.414,119.218,183.752
2018-04-01,219.165,104.611,225.451,350.562,318.682,314.900,120.303,184.540
2018-05-01,221.045,104.197,226.601,351.477,319.821,315.763,120.629,184.836
2018-06-01,220.947,104.002,226.618,352.792,320.228,316.311,119.396,184.778
2018-07-01,219.929,104.296,226.638,353.449,321.060,316.923,118.389,184.568
2018-08-01,222.781,104.203,226.652,353.732,322.060,317.557,115.973,184.765
2018-09-01,223.955,103.864,227.327,354.766,322.671,318.067,118.202,185.277
2018-10-01,226.022,104.157,227.736,354.967,323.501,318.794,119.319,185.742
2018-11-01,218.500,104.550,225.895,354.900,324.439,319.438,118.295,184.729
2018-12-01,213.630,104.717,223.996,355.396,325.298,320.612,117.396,183.966
2019-01-01,206.808,105.076,222.735,356.197,326.276,321.162,117.136,183.342
2019-02-01,209.143,105.125,224.060,356.756,327.413,321.744,117.214,183.964
2019-03-01,214.305,105.385,225.823,357.237,328.512,322.550,116.462,184.891
2019-04-01,222.300,104.984,228.092,357.772,329.734,323.286,116.784,186.152
2019-05-01,219.682,104.513,228.059,357.437,330.592,323.794,116.630,185.835
2019-06-01,213.339,104.483,226.327,357.795,331.508,324.544,117.648,184.884
2019-07-01,215.128,104.751,227.126,358.439,332.332,325.256,117.554,185.237
2019-08-01,213.335,104.810,226.626,359.256,332.971,326.090,116.850,185.084
2019-09-01,213.647,104.749,226.654,359.308,334.110,326.828,117.048,185.240
2019-10-01,216.546,104.665,227.310,360.648,334.475,327.794,115.766,185.750
2019-11-01,217.228,104.512,227.763,362.132,335.341,328.687,115.709,185.936
2019-12-01,221.757,104.218,229.142,363.267,335.977,329.443,114.859,186.837
2020-01-01,219.917,104.160,229.259,364.666,337.274,330.545,114.534,186.575
2020-02-01,214.991,104.532,228.555,364.626,338.390,331.379,115.098,186.201
2020-03-01,201.747,104.782,225.015,365.480,338.525,331.223,114.067,184.170
2020-04-01,183.034,104.234,220.784,365.946,338.439,329.905,109.511,181.520
2020-05-01,179.281,104.023,219.658,367.490,339.117,329.847,106.512,181.169
2020-06-01,187.134,103.472,222.620,366.654,339.423,330.526,108.311,182.721
2020-07-01,191.450,104.574,223.748,368.020,340.178,332.150,108.888,183.697
2020-08-01,194.238,106.387,225.298,368.865,340.709,332.700,109.216,185.270
2020-09-01,197.134,107.853,225.796,369.476,341.015,332.984,109.562,186.176
2020-10-01,196.479,108.213,225.251,370.451,341.379,333.360,108.972,186.314
2020-11-01,196.489,108.209,225.310,371.026,341.856,334.360,108.967,186.339
2020-12-01,206.140,108.192,228.649,371.094,342.231,334.907,109.491,188.212
2021-01-01,211.921,107.793,231.123,370.034,342.804,334.972,111.162,189.349
2021-02-01,220.267,108.038,232.697,371.119,343.444,335.937,110.283,190.333
2021-03-01,227.958,108.754,234.331,372.397,344.343,337.099,110.324,191.663
2021-04-01,228.338,111.962,235.313,373.539,345.679,338.506,111.164,193.721
2021-05-01,228.966,114.792,235.882,373.920,346.688,339.909,112.096,195.818
2021-06-01,232.389,118.572,237.317,374.784,348.250,341.049,112.996,198.851
2021-07-01,236.228,119.473,239.279,376.476,349.903,342.146,113.133,200.161
2021-08-01,242.840,119.947,241.890,377.514,350.509,342.694,113.385,201.685
2021-09-01,246.370,120.535,243.925,378.704,351.889,343.620,112.376,203.019
2021-10-01,255.277,122.516,246.566,380.507,353.406,345.522,113.800,206.004
2021-11-01,261.830,124.323,249.463,380.163,355.140,347.051,114.685,208.703
2021-12-01,268.081,126.295,252.234,380.737,356.546,348.499,115.659,211.561
2022-01-01,270.154,127.677,254.065,382.194,358.016,350.285,116.674,213.200
2022-02-01,277.447,128.310,257.662,383.795,359.932,352.091,117.215,215.351
2022-03-01,300.099,127.739,264.917,384.287,361.786,354.329,117.704,218.712
2022-04-01,297.190,127.690,265.361,385.354,363.691,356.682,117.481,218.712
2022-05-01,307.178,127.884,269.381,386.413,365.831,359.430,117.971,221.235
2022-06-01,328.339,128.482,275.485,387.288,367.973,362.251,118.602,225.277
2022-07-01,312.892,128.906,273.183,388.047,370.050,363.569,118.468,223.894
2022-08-01,300.736,129.294,270.842,388.697,372.631,366.030,119.058,222.832
2022-09-01,295.502,129.139,270.470,389.436,375.373,368.928,119.205,222.430
2022-10-01,300.477,128.312,272.613,390.966,378.100,370.529,119.160,223.692
2022-11-01,296.248,127.228,272.718,394.654,380.667,372.121,119.362,223.303
2022-12-01,287.176,126.148,270.753,395.507,383.587,374.673,119.822,221.718
2023-01-01,292.844,126.077,273.004,397.730,386.502,377.033,121.021,222.514
2023-02-01,291.212,126.021,274.030,400.365,389.383,378.876,121.833,222.910
2023-03-01,280.955,126.492,272.298,401.259,391.685,379.995,122.391,222.136
2023-04-01,282.536,127.473,273.790,403.309,393.461,380.935,122.684,223.409
2023-05-01,272.401,127.821,272.040,403.164,395.522,382.078,123.120,223.061
2023-06-01,274.044,127.418,271.870,403.358,397.061,383.072,123.579,223.245
2023-07-01,274.353,127.093,272.531,404.943,398.785,384.323,123.782,223.086
2023-08-01,289.671,126.743,277.555,405.446,399.950,385.778,123.732,225.311
2023-09-01,294.087,126.290,279.179,406.667,402.406,387.981,122.430,225.542
2023-10-01,286.877,125.660,277.117,406.982,403.679,389.314,122.705,224.543
2023-11-01,280.297,125.192,274.701,407.385,405.570,391.403,120.865,223.072
2023-12-01,281.460,124.578,275.581,409.306,407.289,393.211,121.135,223.223
